,Prioritization_1,Prioritization_2,Prioritization_3,Priority_order,Profile,P_trans,Adherence,Delay,Doses,Regional,Regional_priority,Geo,Regional_start,Seasonality,R_const,Import,R_eff,Name,Name_priority_1,Name_priority_2,Name_priority_3,Name_profile,Name_adherence,Name_doses,Name_import,Name_control,Name_relative_reopen,Name_geo
1,18p,65p,18p,ABCDE,H,35,H,12,PM,0,10,-30,1,50,1,M,0.66,1-18p-65p-18p-ABCDE-H-35-H-12-PM-0-10--30-1-50-1-M-0p66,prioritization_1_18p_ABCDE,prioritization_2_65p_ABCDE,prioritization_3_18p_ABCDE,vaccine_profile_H_35_12,vaccine_adherence_H,vaccine_doses_PM_12,import_M,control_1,relative_reopen_1,geo_-30
2,18p,65p,18p,ABCDE,H,35,H,12,PM,0.5,10,-30,1,50,1,M,0.66,2-18p-65p-18p-ABCDE-H-35-H-12-PM-0p5-10--30-1-50-1-M-0p66,prioritization_1_18p_ABCDE,prioritization_2_65p_ABCDE,prioritization_3_18p_ABCDE,vaccine_profile_H_35_12,vaccine_adherence_H,vaccine_doses_PM_12,import_M,control_1,relative_reopen_1,geo_-30
3,18p,65p,18p,ABCDE,H,35,H,12,PM,1,10,-30,1,50,1,M,0.66,3-18p-65p-18p-ABCDE-H-35-H-12-PM-1-10--30-1-50-1-M-0p66,prioritization_1_18p_ABCDE,prioritization_2_65p_ABCDE,prioritization_3_18p_ABCDE,vaccine_profile_H_35_12,vaccine_adherence_H,vaccine_doses_PM_12,import_M,control_1,relative_reopen_1,geo_-30
4,18p,65p,18p,ABCDE,H,35,H,12,PM,1.5,10,-30,1,50,1,M,0.66,4-18p-65p-18p-ABCDE-H-35-H-12-PM-1p5-10--30-1-50-1-M-0p66,prioritization_1_18p_ABCDE,prioritization_2_65p_ABCDE,prioritization_3_18p_ABCDE,vaccine_profile_H_35_12,vaccine_adherence_H,vaccine_doses_PM_12,import_M,control_1,relative_reopen_1,geo_-30
5,18p,65p,18p,ABCDE,H,35,H,12,PM,2,10,-30,1,50,1,M,0.66,5-18p-65p-18p-ABCDE-H-35-H-12-PM-2-10--30-1-50-1-M-0p66,prioritization_1_18p_ABCDE,prioritization_2_65p_ABCDE,prioritization_3_18p_ABCDE,vaccine_profile_H_35_12,vaccine_adherence_H,vaccine_doses_PM_12,import_M,control_1,relative_reopen_1,geo_-30
6,18p,65p,18p,ABCDE,H,35,H,12,PM,2.5,10,-30,1,50,1,M,0.66,6-18p-65p-18p-ABCDE-H-35-H-12-PM-2p5-10--30-1-50-1-M-0p66,prioritization_1_18p_ABCDE,prioritization_2_65p_ABCDE,prioritization_3_18p_ABCDE,vaccine_profile_H_35_12,vaccine_adherence_H,vaccine_doses_PM_12,import_M,control_1,relative_reopen_1,geo_-30
7,18p,65p,18p,ABCDE,H,35,H,12,PM,3,10,-30,1,50,1,M,0.66,7-18p-65p-18p-ABCDE-H-35-H-12-PM-3-10--30-1-50-1-M-0p66,prioritization_1_18p_ABCDE,prioritization_2_65p_ABCDE,prioritization_3_18p_ABCDE,vaccine_profile_H_35_12,vaccine_adherence_H,vaccine_doses_PM_12,import_M,control_1,relative_reopen_1,geo_-30
8,18p,65p,18p,ABCDE,H,35,H,12,PM,0,10,-20,1,50,1,M,0.66,8-18p-65p-18p-ABCDE-H-35-H-12-PM-0-10--20-1-50-1-M-0p66,prioritization_1_18p_ABCDE,prioritization_2_65p_ABCDE,prioritization_3_18p_ABCDE,vaccine_profile_H_35_12,vaccine_adherence_H,vaccine_doses_PM_12,import_M,control_1,relative_reopen_1,geo_-20
9,18p,65p,18p,ABCDE,H,35,H,12,PM,0.5,10,-20,1,50,1,M,0.66,9-18p-65p-18p-ABCDE-H-35-H-12-PM-0p5-10--20-1-50-1-M-0p66,prioritization_1_18p_ABCDE,prioritization_2_65p_ABCDE,prioritization_3_18p_ABCDE,vaccine_profile_H_35_12,vaccine_adherence_H,vaccine_doses_PM_12,import_M,control_1,relative_reopen_1,geo_-20
10,18p,65p,18p,ABCDE,H,35,H,12,PM,1,10,-20,1,50,1,M,0.66,10-18p-65p-18p-ABCDE-H-35-H-12-PM-1-10--20-1-50-1-M-0p66,prioritization_1_18p_ABCDE,prioritization_2_65p_ABCDE,prioritization_3_18p_ABCDE,vaccine_profile_H_35_12,vaccine_adherence_H,vaccine_doses_PM_12,import_M,control_1,relative_reopen_1,geo_-20
11,18p,65p,18p,ABCDE,H,35,H,12,PM,1.5,10,-20,1,50,1,M,0.66,11-18p-65p-18p-ABCDE-H-35-H-12-PM-1p5-10--20-1-50-1-M-0p66,prioritization_1_18p_ABCDE,prioritization_2_65p_ABCDE,prioritization_3_18p_ABCDE,vaccine_profile_H_35_12,vaccine_adherence_H,vaccine_doses_PM_12,import_M,control_1,relative_reopen_1,geo_-20
12,18p,65p,18p,ABCDE,H,35,H,12,PM,2,10,-20,1,50,1,M,0.66,12-18p-65p-18p-ABCDE-H-35-H-12-PM-2-10--20-1-50-1-M-0p66,prioritization_1_18p_ABCDE,prioritization_2_65p_ABCDE,prioritization_3_18p_ABCDE,vaccine_profile_H_35_12,vaccine_adherence_H,vaccine_doses_PM_12,import_M,control_1,relative_reopen_1,geo_-20
13,18p,65p,18p,ABCDE,H,35,H,12,PM,2.5,10,-20,1,50,1,M,0.66,13-18p-65p-18p-ABCDE-H-35-H-12-PM-2p5-10--20-1-50-1-M-0p66,prioritization_1_18p_ABCDE,prioritization_2_65p_ABCDE,prioritization_3_18p_ABCDE,vaccine_profile_H_35_12,vaccine_adherence_H,vaccine_doses_PM_12,import_M,control_1,relative_reopen_1,geo_-20
14,18p,65p,18p,ABCDE,H,35,H,12,PM,0,10,-10,1,50,1,M,0.66,14-18p-65p-18p-ABCDE-H-35-H-12-PM-0-10--10-1-50-1-M-0p66,prioritization_1_18p_ABCDE,prioritization_2_65p_ABCDE,prioritization_3_18p_ABCDE,vaccine_profile_H_35_12,vaccine_adherence_H,vaccine_doses_PM_12,import_M,control_1,relative_reopen_1,geo_-10
15,18p,65p,18p,ABCDE,H,35,H,12,PM,0.5,10,-10,1,50,1,M,0.66,15-18p-65p-18p-ABCDE-H-35-H-12-PM-0p5-10--10-1-50-1-M-0p66,prioritization_1_18p_ABCDE,prioritization_2_65p_ABCDE,prioritization_3_18p_ABCDE,vaccine_profile_H_35_12,vaccine_adherence_H,vaccine_doses_PM_12,import_M,control_1,relative_reopen_1,geo_-10
16,18p,65p,18p,ABCDE,H,35,H,12,PM,1,10,-10,1,50,1,M,0.66,16-18p-65p-18p-ABCDE-H-35-H-12-PM-1-10--10-1-50-1-M-0p66,prioritization_1_18p_ABCDE,prioritization_2_65p_ABCDE,prioritization_3_18p_ABCDE,vaccine_profile_H_35_12,vaccine_adherence_H,vaccine_doses_PM_12,import_M,control_1,relative_reopen_1,geo_-10
17,18p,65p,18p,ABCDE,H,35,H,12,PM,1.5,10,-10,1,50,1,M,0.66,17-18p-65p-18p-ABCDE-H-35-H-12-PM-1p5-10--10-1-50-1-M-0p66,prioritization_1_18p_ABCDE,prioritization_2_65p_ABCDE,prioritization_3_18p_ABCDE,vaccine_profile_H_35_12,vaccine_adherence_H,vaccine_doses_PM_12,import_M,control_1,relative_reopen_1,geo_-10
18,18p,65p,18p,ABCDE,H,35,H,12,PM,0,10,0,1,50,1,M,0.66,18-18p-65p-18p-ABCDE-H-35-H-12-PM-0-10-0-1-50-1-M-0p66,prioritization_1_18p_ABCDE,prioritization_2_65p_ABCDE,prioritization_3_18p_ABCDE,vaccine_profile_H_35_12,vaccine_adherence_H,vaccine_doses_PM_12,import_M,control_1,relative_reopen_1,geo_0
19,18p,65p,18p,ABCDE,H,35,H,12,PM,0.5,10,0,1,50,1,M,0.66,19-18p-65p-18p-ABCDE-H-35-H-12-PM-0p5-10-0-1-50-1-M-0p66,prioritization_1_18p_ABCDE,prioritization_2_65p_ABCDE,prioritization_3_18p_ABCDE,vaccine_profile_H_35_12,vaccine_adherence_H,vaccine_doses_PM_12,import_M,control_1,relative_reopen_1,geo_0
20,18p,65p,18p,ABCDE,H,35,H,12,PM,1,10,0,1,50,1,M,0.66,20-18p-65p-18p-ABCDE-H-35-H-12-PM-1-10-0-1-50-1-M-0p66,prioritization_1_18p_ABCDE,prioritization_2_65p_ABCDE,prioritization_3_18p_ABCDE,vaccine_profile_H_35_12,vaccine_adherence_H,vaccine_doses_PM_12,import_M,control_1,relative_reopen_1,geo_0
21,18p,65p,18p,ABCDE,H,35,H,12,PM,0,10,10,1,50,1,M,0.66,21-18p-65p-18p-ABCDE-H-35-H-12-PM-0-10-10-1-50-1-M-0p66,prioritization_1_18p_ABCDE,prioritization_2_65p_ABCDE,prioritization_3_18p_ABCDE,vaccine_profile_H_35_12,vaccine_adherence_H,vaccine_doses_PM_12,import_M,control_1,relative_reopen_1,geo_10
22,18p,65p,18p,ABCDE,H,35,H,12,PM,0.5,10,10,1,50,1,M,0.66,22-18p-65p-18p-ABCDE-H-35-H-12-PM-0p5-10-10-1-50-1-M-0p66,prioritization_1_18p_ABCDE,prioritization_2_65p_ABCDE,prioritization_3_18p_ABCDE,vaccine_profile_H_35_12,vaccine_adherence_H,vaccine_doses_PM_12,import_M,control_1,relative_reopen_1,geo_10
23,18p,65p,18p,ABCDE,H,35,H,12,PM,1,10,10,1,50,1,M,0.66,23-18p-65p-18p-ABCDE-H-35-H-12-PM-1-10-10-1-50-1-M-0p66,prioritization_1_18p_ABCDE,prioritization_2_65p_ABCDE,prioritization_3_18p_ABCDE,vaccine_profile_H_35_12,vaccine_adherence_H,vaccine_doses_PM_12,import_M,control_1,relative_reopen_1,geo_10
24,18p,65p,18p,ABCDE,H,35,H,12,PM,0,10,20,1,50,1,M,0.66,24-18p-65p-18p-ABCDE-H-35-H-12-PM-0-10-20-1-50-1-M-0p66,prioritization_1_18p_ABCDE,prioritization_2_65p_ABCDE,prioritization_3_18p_ABCDE,vaccine_profile_H_35_12,vaccine_adherence_H,vaccine_doses_PM_12,import_M,control_1,relative_reopen_1,geo_20
25,18p,65p,18p,ABCDE,H,35,H,12,PM,0.5,10,20,1,50,1,M,0.66,25-18p-65p-18p-ABCDE-H-35-H-12-PM-0p5-10-20-1-50-1-M-0p66,prioritization_1_18p_ABCDE,prioritization_2_65p_ABCDE,prioritization_3_18p_ABCDE,vaccine_profile_H_35_12,vaccine_adherence_H,vaccine_doses_PM_12,import_M,control_1,relative_reopen_1,geo_20
26,18p,65p,18p,ABCDE,H,35,H,12,PM,0,10,30,1,50,1,M,0.66,26-18p-65p-18p-ABCDE-H-35-H-12-PM-0-10-30-1-50-1-M-0p66,prioritization_1_18p_ABCDE,prioritization_2_65p_ABCDE,prioritization_3_18p_ABCDE,vaccine_profile_H_35_12,vaccine_adherence_H,vaccine_doses_PM_12,import_M,control_1,relative_reopen_1,geo_30
27,18p,65p,18p,ABCDE,H,35,H,12,PM,0.5,10,30,1,50,1,M,0.66,27-18p-65p-18p-ABCDE-H-35-H-12-PM-0p5-10-30-1-50-1-M-0p66,prioritization_1_18p_ABCDE,prioritization_2_65p_ABCDE,prioritization_3_18p_ABCDE,vaccine_profile_H_35_12,vaccine_adherence_H,vaccine_doses_PM_12,import_M,control_1,relative_reopen_1,geo_30
28,18p,65p,18p,ABCDE,H,35,H,12,PM,0,10,-30,32,50,1,M,0.66,28-18p-65p-18p-ABCDE-H-35-H-12-PM-0-10--30-32-50-1-M-0p66,prioritization_1_18p_ABCDE,prioritization_2_65p_ABCDE,prioritization_3_18p_ABCDE,vaccine_profile_H_35_12,vaccine_adherence_H,vaccine_doses_PM_12,import_M,control_1,relative_reopen_1,geo_-30
29,18p,65p,18p,ABCDE,H,35,H,12,PM,0.5,10,-30,32,50,1,M,0.66,29-18p-65p-18p-ABCDE-H-35-H-12-PM-0p5-10--30-32-50-1-M-0p66,prioritization_1_18p_ABCDE,prioritization_2_65p_ABCDE,prioritization_3_18p_ABCDE,vaccine_profile_H_35_12,vaccine_adherence_H,vaccine_doses_PM_12,import_M,control_1,relative_reopen_1,geo_-30
30,18p,65p,18p,ABCDE,H,35,H,12,PM,1,10,-30,32,50,1,M,0.66,30-18p-65p-18p-ABCDE-H-35-H-12-PM-1-10--30-32-50-1-M-0p66,prioritization_1_18p_ABCDE,prioritization_2_65p_ABCDE,prioritization_3_18p_ABCDE,vaccine_profile_H_35_12,vaccine_adherence_H,vaccine_doses_PM_12,import_M,control_1,relative_reopen_1,geo_-30
31,18p,65p,18p,ABCDE,H,35,H,12,PM,1.5,10,-30,32,50,1,M,0.66,31-18p-65p-18p-ABCDE-H-35-H-12-PM-1p5-10--30-32-50-1-M-0p66,prioritization_1_18p_ABCDE,prioritization_2_65p_ABCDE,prioritization_3_18p_ABCDE,vaccine_profile_H_35_12,vaccine_adherence_H,vaccine_doses_PM_12,import_M,control_1,relative_reopen_1,geo_-30
32,18p,65p,18p,ABCDE,H,35,H,12,PM,2,10,-30,32,50,1,M,0.66,32-18p-65p-18p-ABCDE-H-35-H-12-PM-2-10--30-32-50-1-M-0p66,prioritization_1_18p_ABCDE,prioritization_2_65p_ABCDE,prioritization_3_18p_ABCDE,vaccine_profile_H_35_12,vaccine_adherence_H,vaccine_doses_PM_12,import_M,control_1,relative_reopen_1,geo_-30
33,18p,65p,18p,ABCDE,H,35,H,12,PM,2.5,10,-30,32,50,1,M,0.66,33-18p-65p-18p-ABCDE-H-35-H-12-PM-2p5-10--30-32-50-1-M-0p66,prioritization_1_18p_ABCDE,prioritization_2_65p_ABCDE,prioritization_3_18p_ABCDE,vaccine_profile_H_35_12,vaccine_adherence_H,vaccine_doses_PM_12,import_M,control_1,relative_reopen_1,geo_-30
34,18p,65p,18p,ABCDE,H,35,H,12,PM,3,10,-30,32,50,1,M,0.66,34-18p-65p-18p-ABCDE-H-35-H-12-PM-3-10--30-32-50-1-M-0p66,prioritization_1_18p_ABCDE,prioritization_2_65p_ABCDE,prioritization_3_18p_ABCDE,vaccine_profile_H_35_12,vaccine_adherence_H,vaccine_doses_PM_12,import_M,control_1,relative_reopen_1,geo_-30
35,18p,65p,18p,ABCDE,H,35,H,12,PM,0,10,-20,32,50,1,M,0.66,35-18p-65p-18p-ABCDE-H-35-H-12-PM-0-10--20-32-50-1-M-0p66,prioritization_1_18p_ABCDE,prioritization_2_65p_ABCDE,prioritization_3_18p_ABCDE,vaccine_profile_H_35_12,vaccine_adherence_H,vaccine_doses_PM_12,import_M,control_1,relative_reopen_1,geo_-20
36,18p,65p,18p,ABCDE,H,35,H,12,PM,0.5,10,-20,32,50,1,M,0.66,36-18p-65p-18p-ABCDE-H-35-H-12-PM-0p5-10--20-32-50-1-M-0p66,prioritization_1_18p_ABCDE,prioritization_2_65p_ABCDE,prioritization_3_18p_ABCDE,vaccine_profile_H_35_12,vaccine_adherence_H,vaccine_doses_PM_12,import_M,control_1,relative_reopen_1,geo_-20
37,18p,65p,18p,ABCDE,H,35,H,12,PM,1,10,-20,32,50,1,M,0.66,37-18p-65p-18p-ABCDE-H-35-H-12-PM-1-10--20-32-50-1-M-0p66,prioritization_1_18p_ABCDE,prioritization_2_65p_ABCDE,prioritization_3_18p_ABCDE,vaccine_profile_H_35_12,vaccine_adherence_H,vaccine_doses_PM_12,import_M,control_1,relative_reopen_1,geo_-20
38,18p,65p,18p,ABCDE,H,35,H,12,PM,1.5,10,-20,32,50,1,M,0.66,38-18p-65p-18p-ABCDE-H-35-H-12-PM-1p5-10--20-32-50-1-M-0p66,prioritization_1_18p_ABCDE,prioritization_2_65p_ABCDE,prioritization_3_18p_ABCDE,vaccine_profile_H_35_12,vaccine_adherence_H,vaccine_doses_PM_12,import_M,control_1,relative_reopen_1,geo_-20
39,18p,65p,18p,ABCDE,H,35,H,12,PM,2,10,-20,32,50,1,M,0.66,39-18p-65p-18p-ABCDE-H-35-H-12-PM-2-10--20-32-50-1-M-0p66,prioritization_1_18p_ABCDE,prioritization_2_65p_ABCDE,prioritization_3_18p_ABCDE,vaccine_profile_H_35_12,vaccine_adherence_H,vaccine_doses_PM_12,import_M,control_1,relative_reopen_1,geo_-20
40,18p,65p,18p,ABCDE,H,35,H,12,PM,2.5,10,-20,32,50,1,M,0.66,40-18p-65p-18p-ABCDE-H-35-H-12-PM-2p5-10--20-32-50-1-M-0p66,prioritization_1_18p_ABCDE,prioritization_2_65p_ABCDE,prioritization_3_18p_ABCDE,vaccine_profile_H_35_12,vaccine_adherence_H,vaccine_doses_PM_12,import_M,control_1,relative_reopen_1,geo_-20
41,18p,65p,18p,ABCDE,H,35,H,12,PM,0,10,-10,32,50,1,M,0.66,41-18p-65p-18p-ABCDE-H-35-H-12-PM-0-10--10-32-50-1-M-0p66,prioritization_1_18p_ABCDE,prioritization_2_65p_ABCDE,prioritization_3_18p_ABCDE,vaccine_profile_H_35_12,vaccine_adherence_H,vaccine_doses_PM_12,import_M,control_1,relative_reopen_1,geo_-10
42,18p,65p,18p,ABCDE,H,35,H,12,PM,0.5,10,-10,32,50,1,M,0.66,42-18p-65p-18p-ABCDE-H-35-H-12-PM-0p5-10--10-32-50-1-M-0p66,prioritization_1_18p_ABCDE,prioritization_2_65p_ABCDE,prioritization_3_18p_ABCDE,vaccine_profile_H_35_12,vaccine_adherence_H,vaccine_doses_PM_12,import_M,control_1,relative_reopen_1,geo_-10
43,18p,65p,18p,ABCDE,H,35,H,12,PM,1,10,-10,32,50,1,M,0.66,43-18p-65p-18p-ABCDE-H-35-H-12-PM-1-10--10-32-50-1-M-0p66,prioritization_1_18p_ABCDE,prioritization_2_65p_ABCDE,prioritization_3_18p_ABCDE,vaccine_profile_H_35_12,vaccine_adherence_H,vaccine_doses_PM_12,import_M,control_1,relative_reopen_1,geo_-10
44,18p,65p,18p,ABCDE,H,35,H,12,PM,1.5,10,-10,32,50,1,M,0.66,44-18p-65p-18p-ABCDE-H-35-H-12-PM-1p5-10--10-32-50-1-M-0p66,prioritization_1_18p_ABCDE,prioritization_2_65p_ABCDE,prioritization_3_18p_ABCDE,vaccine_profile_H_35_12,vaccine_adherence_H,vaccine_doses_PM_12,import_M,control_1,relative_reopen_1,geo_-10
45,18p,65p,18p,ABCDE,H,35,H,12,PM,0,10,0,32,50,1,M,0.66,45-18p-65p-18p-ABCDE-H-35-H-12-PM-0-10-0-32-50-1-M-0p66,prioritization_1_18p_ABCDE,prioritization_2_65p_ABCDE,prioritization_3_18p_ABCDE,vaccine_profile_H_35_12,vaccine_adherence_H,vaccine_doses_PM_12,import_M,control_1,relative_reopen_1,geo_0
46,18p,65p,18p,ABCDE,H,35,H,12,PM,0.5,10,0,32,50,1,M,0.66,46-18p-65p-18p-ABCDE-H-35-H-12-PM-0p5-10-0-32-50-1-M-0p66,prioritization_1_18p_ABCDE,prioritization_2_65p_ABCDE,prioritization_3_18p_ABCDE,vaccine_profile_H_35_12,vaccine_adherence_H,vaccine_doses_PM_12,import_M,control_1,relative_reopen_1,geo_0
47,18p,65p,18p,ABCDE,H,35,H,12,PM,1,10,0,32,50,1,M,0.66,47-18p-65p-18p-ABCDE-H-35-H-12-PM-1-10-0-32-50-1-M-0p66,prioritization_1_18p_ABCDE,prioritization_2_65p_ABCDE,prioritization_3_18p_ABCDE,vaccine_profile_H_35_12,vaccine_adherence_H,vaccine_doses_PM_12,import_M,control_1,relative_reopen_1,geo_0
48,18p,65p,18p,ABCDE,H,35,H,12,PM,0,10,10,32,50,1,M,0.66,48-18p-65p-18p-ABCDE-H-35-H-12-PM-0-10-10-32-50-1-M-0p66,prioritization_1_18p_ABCDE,prioritization_2_65p_ABCDE,prioritization_3_18p_ABCDE,vaccine_profile_H_35_12,vaccine_adherence_H,vaccine_doses_PM_12,import_M,control_1,relative_reopen_1,geo_10
49,18p,65p,18p,ABCDE,H,35,H,12,PM,0.5,10,10,32,50,1,M,0.66,49-18p-65p-18p-ABCDE-H-35-H-12-PM-0p5-10-10-32-50-1-M-0p66,prioritization_1_18p_ABCDE,prioritization_2_65p_ABCDE,prioritization_3_18p_ABCDE,vaccine_profile_H_35_12,vaccine_adherence_H,vaccine_doses_PM_12,import_M,control_1,relative_reopen_1,geo_10
50,18p,65p,18p,ABCDE,H,35,H,12,PM,1,10,10,32,50,1,M,0.66,50-18p-65p-18p-ABCDE-H-35-H-12-PM-1-10-10-32-50-1-M-0p66,prioritization_1_18p_ABCDE,prioritization_2_65p_ABCDE,prioritization_3_18p_ABCDE,vaccine_profile_H_35_12,vaccine_adherence_H,vaccine_doses_PM_12,import_M,control_1,relative_reopen_1,geo_10
51,18p,65p,18p,ABCDE,H,35,H,12,PM,0,10,20,32,50,1,M,0.66,51-18p-65p-18p-ABCDE-H-35-H-12-PM-0-10-20-32-50-1-M-0p66,prioritization_1_18p_ABCDE,prioritization_2_65p_ABCDE,prioritization_3_18p_ABCDE,vaccine_profile_H_35_12,vaccine_adherence_H,vaccine_doses_PM_12,import_M,control_1,relative_reopen_1,geo_20
52,18p,65p,18p,ABCDE,H,35,H,12,PM,0.5,10,20,32,50,1,M,0.66,52-18p-65p-18p-ABCDE-H-35-H-12-PM-0p5-10-20-32-50-1-M-0p66,prioritization_1_18p_ABCDE,prioritization_2_65p_ABCDE,prioritization_3_18p_ABCDE,vaccine_profile_H_35_12,vaccine_adherence_H,vaccine_doses_PM_12,import_M,control_1,relative_reopen_1,geo_20
53,18p,65p,18p,ABCDE,H,35,H,12,PM,0,10,30,32,50,1,M,0.66,53-18p-65p-18p-ABCDE-H-35-H-12-PM-0-10-30-32-50-1-M-0p66,prioritization_1_18p_ABCDE,prioritization_2_65p_ABCDE,prioritization_3_18p_ABCDE,vaccine_profile_H_35_12,vaccine_adherence_H,vaccine_doses_PM_12,import_M,control_1,relative_reopen_1,geo_30
54,18p,65p,18p,ABCDE,H,35,H,12,PM,0.5,10,30,32,50,1,M,0.66,54-18p-65p-18p-ABCDE-H-35-H-12-PM-0p5-10-30-32-50-1-M-0p66,prioritization_1_18p_ABCDE,prioritization_2_65p_ABCDE,prioritization_3_18p_ABCDE,vaccine_profile_H_35_12,vaccine_adherence_H,vaccine_doses_PM_12,import_M,control_1,relative_reopen_1,geo_30
55,18p,65p,18p,ABCDE,H,35,H,12,PM,0,10,-30,60,50,1,M,0.66,55-18p-65p-18p-ABCDE-H-35-H-12-PM-0-10--30-60-50-1-M-0p66,prioritization_1_18p_ABCDE,prioritization_2_65p_ABCDE,prioritization_3_18p_ABCDE,vaccine_profile_H_35_12,vaccine_adherence_H,vaccine_doses_PM_12,import_M,control_1,relative_reopen_1,geo_-30
56,18p,65p,18p,ABCDE,H,35,H,12,PM,0.5,10,-30,60,50,1,M,0.66,56-18p-65p-18p-ABCDE-H-35-H-12-PM-0p5-10--30-60-50-1-M-0p66,prioritization_1_18p_ABCDE,prioritization_2_65p_ABCDE,prioritization_3_18p_ABCDE,vaccine_profile_H_35_12,vaccine_adherence_H,vaccine_doses_PM_12,import_M,control_1,relative_reopen_1,geo_-30
57,18p,65p,18p,ABCDE,H,35,H,12,PM,1,10,-30,60,50,1,M,0.66,57-18p-65p-18p-ABCDE-H-35-H-12-PM-1-10--30-60-50-1-M-0p66,prioritization_1_18p_ABCDE,prioritization_2_65p_ABCDE,prioritization_3_18p_ABCDE,vaccine_profile_H_35_12,vaccine_adherence_H,vaccine_doses_PM_12,import_M,control_1,relative_reopen_1,geo_-30
58,18p,65p,18p,ABCDE,H,35,H,12,PM,1.5,10,-30,60,50,1,M,0.66,58-18p-65p-18p-ABCDE-H-35-H-12-PM-1p5-10--30-60-50-1-M-0p66,prioritization_1_18p_ABCDE,prioritization_2_65p_ABCDE,prioritization_3_18p_ABCDE,vaccine_profile_H_35_12,vaccine_adherence_H,vaccine_doses_PM_12,import_M,control_1,relative_reopen_1,geo_-30
59,18p,65p,18p,ABCDE,H,35,H,12,PM,2,10,-30,60,50,1,M,0.66,59-18p-65p-18p-ABCDE-H-35-H-12-PM-2-10--30-60-50-1-M-0p66,prioritization_1_18p_ABCDE,prioritization_2_65p_ABCDE,prioritization_3_18p_ABCDE,vaccine_profile_H_35_12,vaccine_adherence_H,vaccine_doses_PM_12,import_M,control_1,relative_reopen_1,geo_-30
60,18p,65p,18p,ABCDE,H,35,H,12,PM,2.5,10,-30,60,50,1,M,0.66,60-18p-65p-18p-ABCDE-H-35-H-12-PM-2p5-10--30-60-50-1-M-0p66,prioritization_1_18p_ABCDE,prioritization_2_65p_ABCDE,prioritization_3_18p_ABCDE,vaccine_profile_H_35_12,vaccine_adherence_H,vaccine_doses_PM_12,import_M,control_1,relative_reopen_1,geo_-30
61,18p,65p,18p,ABCDE,H,35,H,12,PM,3,10,-30,60,50,1,M,0.66,61-18p-65p-18p-ABCDE-H-35-H-12-PM-3-10--30-60-50-1-M-0p66,prioritization_1_18p_ABCDE,prioritization_2_65p_ABCDE,prioritization_3_18p_ABCDE,vaccine_profile_H_35_12,vaccine_adherence_H,vaccine_doses_PM_12,import_M,control_1,relative_reopen_1,geo_-30
62,18p,65p,18p,ABCDE,H,35,H,12,PM,0,10,-20,60,50,1,M,0.66,62-18p-65p-18p-ABCDE-H-35-H-12-PM-0-10--20-60-50-1-M-0p66,prioritization_1_18p_ABCDE,prioritization_2_65p_ABCDE,prioritization_3_18p_ABCDE,vaccine_profile_H_35_12,vaccine_adherence_H,vaccine_doses_PM_12,import_M,control_1,relative_reopen_1,geo_-20
63,18p,65p,18p,ABCDE,H,35,H,12,PM,0.5,10,-20,60,50,1,M,0.66,63-18p-65p-18p-ABCDE-H-35-H-12-PM-0p5-10--20-60-50-1-M-0p66,prioritization_1_18p_ABCDE,prioritization_2_65p_ABCDE,prioritization_3_18p_ABCDE,vaccine_profile_H_35_12,vaccine_adherence_H,vaccine_doses_PM_12,import_M,control_1,relative_reopen_1,geo_-20
64,18p,65p,18p,ABCDE,H,35,H,12,PM,1,10,-20,60,50,1,M,0.66,64-18p-65p-18p-ABCDE-H-35-H-12-PM-1-10--20-60-50-1-M-0p66,prioritization_1_18p_ABCDE,prioritization_2_65p_ABCDE,prioritization_3_18p_ABCDE,vaccine_profile_H_35_12,vaccine_adherence_H,vaccine_doses_PM_12,import_M,control_1,relative_reopen_1,geo_-20
65,18p,65p,18p,ABCDE,H,35,H,12,PM,1.5,10,-20,60,50,1,M,0.66,65-18p-65p-18p-ABCDE-H-35-H-12-PM-1p5-10--20-60-50-1-M-0p66,prioritization_1_18p_ABCDE,prioritization_2_65p_ABCDE,prioritization_3_18p_ABCDE,vaccine_profile_H_35_12,vaccine_adherence_H,vaccine_doses_PM_12,import_M,control_1,relative_reopen_1,geo_-20
66,18p,65p,18p,ABCDE,H,35,H,12,PM,2,10,-20,60,50,1,M,0.66,66-18p-65p-18p-ABCDE-H-35-H-12-PM-2-10--20-60-50-1-M-0p66,prioritization_1_18p_ABCDE,prioritization_2_65p_ABCDE,prioritization_3_18p_ABCDE,vaccine_profile_H_35_12,vaccine_adherence_H,vaccine_doses_PM_12,import_M,control_1,relative_reopen_1,geo_-20
67,18p,65p,18p,ABCDE,H,35,H,12,PM,2.5,10,-20,60,50,1,M,0.66,67-18p-65p-18p-ABCDE-H-35-H-12-PM-2p5-10--20-60-50-1-M-0p66,prioritization_1_18p_ABCDE,prioritization_2_65p_ABCDE,prioritization_3_18p_ABCDE,vaccine_profile_H_35_12,vaccine_adherence_H,vaccine_doses_PM_12,import_M,control_1,relative_reopen_1,geo_-20
68,18p,65p,18p,ABCDE,H,35,H,12,PM,0,10,-10,60,50,1,M,0.66,68-18p-65p-18p-ABCDE-H-35-H-12-PM-0-10--10-60-50-1-M-0p66,prioritization_1_18p_ABCDE,prioritization_2_65p_ABCDE,prioritization_3_18p_ABCDE,vaccine_profile_H_35_12,vaccine_adherence_H,vaccine_doses_PM_12,import_M,control_1,relative_reopen_1,geo_-10
69,18p,65p,18p,ABCDE,H,35,H,12,PM,0.5,10,-10,60,50,1,M,0.66,69-18p-65p-18p-ABCDE-H-35-H-12-PM-0p5-10--10-60-50-1-M-0p66,prioritization_1_18p_ABCDE,prioritization_2_65p_ABCDE,prioritization_3_18p_ABCDE,vaccine_profile_H_35_12,vaccine_adherence_H,vaccine_doses_PM_12,import_M,control_1,relative_reopen_1,geo_-10
70,18p,65p,18p,ABCDE,H,35,H,12,PM,1,10,-10,60,50,1,M,0.66,70-18p-65p-18p-ABCDE-H-35-H-12-PM-1-10--10-60-50-1-M-0p66,prioritization_1_18p_ABCDE,prioritization_2_65p_ABCDE,prioritization_3_18p_ABCDE,vaccine_profile_H_35_12,vaccine_adherence_H,vaccine_doses_PM_12,import_M,control_1,relative_reopen_1,geo_-10
71,18p,65p,18p,ABCDE,H,35,H,12,PM,1.5,10,-10,60,50,1,M,0.66,71-18p-65p-18p-ABCDE-H-35-H-12-PM-1p5-10--10-60-50-1-M-0p66,prioritization_1_18p_ABCDE,prioritization_2_65p_ABCDE,prioritization_3_18p_ABCDE,vaccine_profile_H_35_12,vaccine_adherence_H,vaccine_doses_PM_12,import_M,control_1,relative_reopen_1,geo_-10
72,18p,65p,18p,ABCDE,H,35,H,12,PM,0,10,0,60,50,1,M,0.66,72-18p-65p-18p-ABCDE-H-35-H-12-PM-0-10-0-60-50-1-M-0p66,prioritization_1_18p_ABCDE,prioritization_2_65p_ABCDE,prioritization_3_18p_ABCDE,vaccine_profile_H_35_12,vaccine_adherence_H,vaccine_doses_PM_12,import_M,control_1,relative_reopen_1,geo_0
73,18p,65p,18p,ABCDE,H,35,H,12,PM,0.5,10,0,60,50,1,M,0.66,73-18p-65p-18p-ABCDE-H-35-H-12-PM-0p5-10-0-60-50-1-M-0p66,prioritization_1_18p_ABCDE,prioritization_2_65p_ABCDE,prioritization_3_18p_ABCDE,vaccine_profile_H_35_12,vaccine_adherence_H,vaccine_doses_PM_12,import_M,control_1,relative_reopen_1,geo_0
74,18p,65p,18p,ABCDE,H,35,H,12,PM,1,10,0,60,50,1,M,0.66,74-18p-65p-18p-ABCDE-H-35-H-12-PM-1-10-0-60-50-1-M-0p66,prioritization_1_18p_ABCDE,prioritization_2_65p_ABCDE,prioritization_3_18p_ABCDE,vaccine_profile_H_35_12,vaccine_adherence_H,vaccine_doses_PM_12,import_M,control_1,relative_reopen_1,geo_0
75,18p,65p,18p,ABCDE,H,35,H,12,PM,0,10,10,60,50,1,M,0.66,75-18p-65p-18p-ABCDE-H-35-H-12-PM-0-10-10-60-50-1-M-0p66,prioritization_1_18p_ABCDE,prioritization_2_65p_ABCDE,prioritization_3_18p_ABCDE,vaccine_profile_H_35_12,vaccine_adherence_H,vaccine_doses_PM_12,import_M,control_1,relative_reopen_1,geo_10
76,18p,65p,18p,ABCDE,H,35,H,12,PM,0.5,10,10,60,50,1,M,0.66,76-18p-65p-18p-ABCDE-H-35-H-12-PM-0p5-10-10-60-50-1-M-0p66,prioritization_1_18p_ABCDE,prioritization_2_65p_ABCDE,prioritization_3_18p_ABCDE,vaccine_profile_H_35_12,vaccine_adherence_H,vaccine_doses_PM_12,import_M,control_1,relative_reopen_1,geo_10
77,18p,65p,18p,ABCDE,H,35,H,12,PM,1,10,10,60,50,1,M,0.66,77-18p-65p-18p-ABCDE-H-35-H-12-PM-1-10-10-60-50-1-M-0p66,prioritization_1_18p_ABCDE,prioritization_2_65p_ABCDE,prioritization_3_18p_ABCDE,vaccine_profile_H_35_12,vaccine_adherence_H,vaccine_doses_PM_12,import_M,control_1,relative_reopen_1,geo_10
78,18p,65p,18p,ABCDE,H,35,H,12,PM,0,10,20,60,50,1,M,0.66,78-18p-65p-18p-ABCDE-H-35-H-12-PM-0-10-20-60-50-1-M-0p66,prioritization_1_18p_ABCDE,prioritization_2_65p_ABCDE,prioritization_3_18p_ABCDE,vaccine_profile_H_35_12,vaccine_adherence_H,vaccine_doses_PM_12,import_M,control_1,relative_reopen_1,geo_20
79,18p,65p,18p,ABCDE,H,35,H,12,PM,0.5,10,20,60,50,1,M,0.66,79-18p-65p-18p-ABCDE-H-35-H-12-PM-0p5-10-20-60-50-1-M-0p66,prioritization_1_18p_ABCDE,prioritization_2_65p_ABCDE,prioritization_3_18p_ABCDE,vaccine_profile_H_35_12,vaccine_adherence_H,vaccine_doses_PM_12,import_M,control_1,relative_reopen_1,geo_20
80,18p,65p,18p,ABCDE,H,35,H,12,PM,0,10,30,60,50,1,M,0.66,80-18p-65p-18p-ABCDE-H-35-H-12-PM-0-10-30-60-50-1-M-0p66,prioritization_1_18p_ABCDE,prioritization_2_65p_ABCDE,prioritization_3_18p_ABCDE,vaccine_profile_H_35_12,vaccine_adherence_H,vaccine_doses_PM_12,import_M,control_1,relative_reopen_1,geo_30
81,18p,65p,18p,ABCDE,H,35,H,12,PM,0.5,10,30,60,50,1,M,0.66,81-18p-65p-18p-ABCDE-H-35-H-12-PM-0p5-10-30-60-50-1-M-0p66,prioritization_1_18p_ABCDE,prioritization_2_65p_ABCDE,prioritization_3_18p_ABCDE,vaccine_profile_H_35_12,vaccine_adherence_H,vaccine_doses_PM_12,import_M,control_1,relative_reopen_1,geo_30
82,18p,65p,18p,ABCDE,H,35,H,12,PM,0,10,-30,91,50,1,M,0.66,82-18p-65p-18p-ABCDE-H-35-H-12-PM-0-10--30-91-50-1-M-0p66,prioritization_1_18p_ABCDE,prioritization_2_65p_ABCDE,prioritization_3_18p_ABCDE,vaccine_profile_H_35_12,vaccine_adherence_H,vaccine_doses_PM_12,import_M,control_1,relative_reopen_1,geo_-30
83,18p,65p,18p,ABCDE,H,35,H,12,PM,0.5,10,-30,91,50,1,M,0.66,83-18p-65p-18p-ABCDE-H-35-H-12-PM-0p5-10--30-91-50-1-M-0p66,prioritization_1_18p_ABCDE,prioritization_2_65p_ABCDE,prioritization_3_18p_ABCDE,vaccine_profile_H_35_12,vaccine_adherence_H,vaccine_doses_PM_12,import_M,control_1,relative_reopen_1,geo_-30
84,18p,65p,18p,ABCDE,H,35,H,12,PM,1,10,-30,91,50,1,M,0.66,84-18p-65p-18p-ABCDE-H-35-H-12-PM-1-10--30-91-50-1-M-0p66,prioritization_1_18p_ABCDE,prioritization_2_65p_ABCDE,prioritization_3_18p_ABCDE,vaccine_profile_H_35_12,vaccine_adherence_H,vaccine_doses_PM_12,import_M,control_1,relative_reopen_1,geo_-30
85,18p,65p,18p,ABCDE,H,35,H,12,PM,1.5,10,-30,91,50,1,M,0.66,85-18p-65p-18p-ABCDE-H-35-H-12-PM-1p5-10--30-91-50-1-M-0p66,prioritization_1_18p_ABCDE,prioritization_2_65p_ABCDE,prioritization_3_18p_ABCDE,vaccine_profile_H_35_12,vaccine_adherence_H,vaccine_doses_PM_12,import_M,control_1,relative_reopen_1,geo_-30
86,18p,65p,18p,ABCDE,H,35,H,12,PM,2,10,-30,91,50,1,M,0.66,86-18p-65p-18p-ABCDE-H-35-H-12-PM-2-10--30-91-50-1-M-0p66,prioritization_1_18p_ABCDE,prioritization_2_65p_ABCDE,prioritization_3_18p_ABCDE,vaccine_profile_H_35_12,vaccine_adherence_H,vaccine_doses_PM_12,import_M,control_1,relative_reopen_1,geo_-30
87,18p,65p,18p,ABCDE,H,35,H,12,PM,2.5,10,-30,91,50,1,M,0.66,87-18p-65p-18p-ABCDE-H-35-H-12-PM-2p5-10--30-91-50-1-M-0p66,prioritization_1_18p_ABCDE,prioritization_2_65p_ABCDE,prioritization_3_18p_ABCDE,vaccine_profile_H_35_12,vaccine_adherence_H,vaccine_doses_PM_12,import_M,control_1,relative_reopen_1,geo_-30
88,18p,65p,18p,ABCDE,H,35,H,12,PM,3,10,-30,91,50,1,M,0.66,88-18p-65p-18p-ABCDE-H-35-H-12-PM-3-10--30-91-50-1-M-0p66,prioritization_1_18p_ABCDE,prioritization_2_65p_ABCDE,prioritization_3_18p_ABCDE,vaccine_profile_H_35_12,vaccine_adherence_H,vaccine_doses_PM_12,import_M,control_1,relative_reopen_1,geo_-30
89,18p,65p,18p,ABCDE,H,35,H,12,PM,0,10,-20,91,50,1,M,0.66,89-18p-65p-18p-ABCDE-H-35-H-12-PM-0-10--20-91-50-1-M-0p66,prioritization_1_18p_ABCDE,prioritization_2_65p_ABCDE,prioritization_3_18p_ABCDE,vaccine_profile_H_35_12,vaccine_adherence_H,vaccine_doses_PM_12,import_M,control_1,relative_reopen_1,geo_-20
90,18p,65p,18p,ABCDE,H,35,H,12,PM,0.5,10,-20,91,50,1,M,0.66,90-18p-65p-18p-ABCDE-H-35-H-12-PM-0p5-10--20-91-50-1-M-0p66,prioritization_1_18p_ABCDE,prioritization_2_65p_ABCDE,prioritization_3_18p_ABCDE,vaccine_profile_H_35_12,vaccine_adherence_H,vaccine_doses_PM_12,import_M,control_1,relative_reopen_1,geo_-20
91,18p,65p,18p,ABCDE,H,35,H,12,PM,1,10,-20,91,50,1,M,0.66,91-18p-65p-18p-ABCDE-H-35-H-12-PM-1-10--20-91-50-1-M-0p66,prioritization_1_18p_ABCDE,prioritization_2_65p_ABCDE,prioritization_3_18p_ABCDE,vaccine_profile_H_35_12,vaccine_adherence_H,vaccine_doses_PM_12,import_M,control_1,relative_reopen_1,geo_-20
92,18p,65p,18p,ABCDE,H,35,H,12,PM,1.5,10,-20,91,50,1,M,0.66,92-18p-65p-18p-ABCDE-H-35-H-12-PM-1p5-10--20-91-50-1-M-0p66,prioritization_1_18p_ABCDE,prioritization_2_65p_ABCDE,prioritization_3_18p_ABCDE,vaccine_profile_H_35_12,vaccine_adherence_H,vaccine_doses_PM_12,import_M,control_1,relative_reopen_1,geo_-20
93,18p,65p,18p,ABCDE,H,35,H,12,PM,2,10,-20,91,50,1,M,0.66,93-18p-65p-18p-ABCDE-H-35-H-12-PM-2-10--20-91-50-1-M-0p66,prioritization_1_18p_ABCDE,prioritization_2_65p_ABCDE,prioritization_3_18p_ABCDE,vaccine_profile_H_35_12,vaccine_adherence_H,vaccine_doses_PM_12,import_M,control_1,relative_reopen_1,geo_-20
94,18p,65p,18p,ABCDE,H,35,H,12,PM,2.5,10,-20,91,50,1,M,0.66,94-18p-65p-18p-ABCDE-H-35-H-12-PM-2p5-10--20-91-50-1-M-0p66,prioritization_1_18p_ABCDE,prioritization_2_65p_ABCDE,prioritization_3_18p_ABCDE,vaccine_profile_H_35_12,vaccine_adherence_H,vaccine_doses_PM_12,import_M,control_1,relative_reopen_1,geo_-20
95,18p,65p,18p,ABCDE,H,35,H,12,PM,0,10,-10,91,50,1,M,0.66,95-18p-65p-18p-ABCDE-H-35-H-12-PM-0-10--10-91-50-1-M-0p66,prioritization_1_18p_ABCDE,prioritization_2_65p_ABCDE,prioritization_3_18p_ABCDE,vaccine_profile_H_35_12,vaccine_adherence_H,vaccine_doses_PM_12,import_M,control_1,relative_reopen_1,geo_-10
96,18p,65p,18p,ABCDE,H,35,H,12,PM,0.5,10,-10,91,50,1,M,0.66,96-18p-65p-18p-ABCDE-H-35-H-12-PM-0p5-10--10-91-50-1-M-0p66,prioritization_1_18p_ABCDE,prioritization_2_65p_ABCDE,prioritization_3_18p_ABCDE,vaccine_profile_H_35_12,vaccine_adherence_H,vaccine_doses_PM_12,import_M,control_1,relative_reopen_1,geo_-10
97,18p,65p,18p,ABCDE,H,35,H,12,PM,1,10,-10,91,50,1,M,0.66,97-18p-65p-18p-ABCDE-H-35-H-12-PM-1-10--10-91-50-1-M-0p66,prioritization_1_18p_ABCDE,prioritization_2_65p_ABCDE,prioritization_3_18p_ABCDE,vaccine_profile_H_35_12,vaccine_adherence_H,vaccine_doses_PM_12,import_M,control_1,relative_reopen_1,geo_-10
98,18p,65p,18p,ABCDE,H,35,H,12,PM,1.5,10,-10,91,50,1,M,0.66,98-18p-65p-18p-ABCDE-H-35-H-12-PM-1p5-10--10-91-50-1-M-0p66,prioritization_1_18p_ABCDE,prioritization_2_65p_ABCDE,prioritization_3_18p_ABCDE,vaccine_profile_H_35_12,vaccine_adherence_H,vaccine_doses_PM_12,import_M,control_1,relative_reopen_1,geo_-10
99,18p,65p,18p,ABCDE,H,35,H,12,PM,0,10,0,91,50,1,M,0.66,99-18p-65p-18p-ABCDE-H-35-H-12-PM-0-10-0-91-50-1-M-0p66,prioritization_1_18p_ABCDE,prioritization_2_65p_ABCDE,prioritization_3_18p_ABCDE,vaccine_profile_H_35_12,vaccine_adherence_H,vaccine_doses_PM_12,import_M,control_1,relative_reopen_1,geo_0
100,18p,65p,18p,ABCDE,H,35,H,12,PM,0.5,10,0,91,50,1,M,0.66,100-18p-65p-18p-ABCDE-H-35-H-12-PM-0p5-10-0-91-50-1-M-0p66,prioritization_1_18p_ABCDE,prioritization_2_65p_ABCDE,prioritization_3_18p_ABCDE,vaccine_profile_H_35_12,vaccine_adherence_H,vaccine_doses_PM_12,import_M,control_1,relative_reopen_1,geo_0
101,18p,65p,18p,ABCDE,H,35,H,12,PM,1,10,0,91,50,1,M,0.66,101-18p-65p-18p-ABCDE-H-35-H-12-PM-1-10-0-91-50-1-M-0p66,prioritization_1_18p_ABCDE,prioritization_2_65p_ABCDE,prioritization_3_18p_ABCDE,vaccine_profile_H_35_12,vaccine_adherence_H,vaccine_doses_PM_12,import_M,control_1,relative_reopen_1,geo_0
102,18p,65p,18p,ABCDE,H,35,H,12,PM,0,10,10,91,50,1,M,0.66,102-18p-65p-18p-ABCDE-H-35-H-12-PM-0-10-10-91-50-1-M-0p66,prioritization_1_18p_ABCDE,prioritization_2_65p_ABCDE,prioritization_3_18p_ABCDE,vaccine_profile_H_35_12,vaccine_adherence_H,vaccine_doses_PM_12,import_M,control_1,relative_reopen_1,geo_10
103,18p,65p,18p,ABCDE,H,35,H,12,PM,0.5,10,10,91,50,1,M,0.66,103-18p-65p-18p-ABCDE-H-35-H-12-PM-0p5-10-10-91-50-1-M-0p66,prioritization_1_18p_ABCDE,prioritization_2_65p_ABCDE,prioritization_3_18p_ABCDE,vaccine_profile_H_35_12,vaccine_adherence_H,vaccine_doses_PM_12,import_M,control_1,relative_reopen_1,geo_10
104,18p,65p,18p,ABCDE,H,35,H,12,PM,1,10,10,91,50,1,M,0.66,104-18p-65p-18p-ABCDE-H-35-H-12-PM-1-10-10-91-50-1-M-0p66,prioritization_1_18p_ABCDE,prioritization_2_65p_ABCDE,prioritization_3_18p_ABCDE,vaccine_profile_H_35_12,vaccine_adherence_H,vaccine_doses_PM_12,import_M,control_1,relative_reopen_1,geo_10
105,18p,65p,18p,ABCDE,H,35,H,12,PM,0,10,20,91,50,1,M,0.66,105-18p-65p-18p-ABCDE-H-35-H-12-PM-0-10-20-91-50-1-M-0p66,prioritization_1_18p_ABCDE,prioritization_2_65p_ABCDE,prioritization_3_18p_ABCDE,vaccine_profile_H_35_12,vaccine_adherence_H,vaccine_doses_PM_12,import_M,control_1,relative_reopen_1,geo_20
106,18p,65p,18p,ABCDE,H,35,H,12,PM,0.5,10,20,91,50,1,M,0.66,106-18p-65p-18p-ABCDE-H-35-H-12-PM-0p5-10-20-91-50-1-M-0p66,prioritization_1_18p_ABCDE,prioritization_2_65p_ABCDE,prioritization_3_18p_ABCDE,vaccine_profile_H_35_12,vaccine_adherence_H,vaccine_doses_PM_12,import_M,control_1,relative_reopen_1,geo_20
107,18p,65p,18p,ABCDE,H,35,H,12,PM,0,10,30,91,50,1,M,0.66,107-18p-65p-18p-ABCDE-H-35-H-12-PM-0-10-30-91-50-1-M-0p66,prioritization_1_18p_ABCDE,prioritization_2_65p_ABCDE,prioritization_3_18p_ABCDE,vaccine_profile_H_35_12,vaccine_adherence_H,vaccine_doses_PM_12,import_M,control_1,relative_reopen_1,geo_30
108,18p,65p,18p,ABCDE,H,35,H,12,PM,0.5,10,30,91,50,1,M,0.66,108-18p-65p-18p-ABCDE-H-35-H-12-PM-0p5-10-30-91-50-1-M-0p66,prioritization_1_18p_ABCDE,prioritization_2_65p_ABCDE,prioritization_3_18p_ABCDE,vaccine_profile_H_35_12,vaccine_adherence_H,vaccine_doses_PM_12,import_M,control_1,relative_reopen_1,geo_30
109,18p,65p,18p,ABCDE,H,35,H,12,PM,0,10,-30,121,50,1,M,0.66,109-18p-65p-18p-ABCDE-H-35-H-12-PM-0-10--30-121-50-1-M-0p66,prioritization_1_18p_ABCDE,prioritization_2_65p_ABCDE,prioritization_3_18p_ABCDE,vaccine_profile_H_35_12,vaccine_adherence_H,vaccine_doses_PM_12,import_M,control_1,relative_reopen_1,geo_-30
110,18p,65p,18p,ABCDE,H,35,H,12,PM,0.5,10,-30,121,50,1,M,0.66,110-18p-65p-18p-ABCDE-H-35-H-12-PM-0p5-10--30-121-50-1-M-0p66,prioritization_1_18p_ABCDE,prioritization_2_65p_ABCDE,prioritization_3_18p_ABCDE,vaccine_profile_H_35_12,vaccine_adherence_H,vaccine_doses_PM_12,import_M,control_1,relative_reopen_1,geo_-30
111,18p,65p,18p,ABCDE,H,35,H,12,PM,1,10,-30,121,50,1,M,0.66,111-18p-65p-18p-ABCDE-H-35-H-12-PM-1-10--30-121-50-1-M-0p66,prioritization_1_18p_ABCDE,prioritization_2_65p_ABCDE,prioritization_3_18p_ABCDE,vaccine_profile_H_35_12,vaccine_adherence_H,vaccine_doses_PM_12,import_M,control_1,relative_reopen_1,geo_-30
112,18p,65p,18p,ABCDE,H,35,H,12,PM,1.5,10,-30,121,50,1,M,0.66,112-18p-65p-18p-ABCDE-H-35-H-12-PM-1p5-10--30-121-50-1-M-0p66,prioritization_1_18p_ABCDE,prioritization_2_65p_ABCDE,prioritization_3_18p_ABCDE,vaccine_profile_H_35_12,vaccine_adherence_H,vaccine_doses_PM_12,import_M,control_1,relative_reopen_1,geo_-30
113,18p,65p,18p,ABCDE,H,35,H,12,PM,2,10,-30,121,50,1,M,0.66,113-18p-65p-18p-ABCDE-H-35-H-12-PM-2-10--30-121-50-1-M-0p66,prioritization_1_18p_ABCDE,prioritization_2_65p_ABCDE,prioritization_3_18p_ABCDE,vaccine_profile_H_35_12,vaccine_adherence_H,vaccine_doses_PM_12,import_M,control_1,relative_reopen_1,geo_-30
114,18p,65p,18p,ABCDE,H,35,H,12,PM,2.5,10,-30,121,50,1,M,0.66,114-18p-65p-18p-ABCDE-H-35-H-12-PM-2p5-10--30-121-50-1-M-0p66,prioritization_1_18p_ABCDE,prioritization_2_65p_ABCDE,prioritization_3_18p_ABCDE,vaccine_profile_H_35_12,vaccine_adherence_H,vaccine_doses_PM_12,import_M,control_1,relative_reopen_1,geo_-30
115,18p,65p,18p,ABCDE,H,35,H,12,PM,3,10,-30,121,50,1,M,0.66,115-18p-65p-18p-ABCDE-H-35-H-12-PM-3-10--30-121-50-1-M-0p66,prioritization_1_18p_ABCDE,prioritization_2_65p_ABCDE,prioritization_3_18p_ABCDE,vaccine_profile_H_35_12,vaccine_adherence_H,vaccine_doses_PM_12,import_M,control_1,relative_reopen_1,geo_-30
116,18p,65p,18p,ABCDE,H,35,H,12,PM,0,10,-20,121,50,1,M,0.66,116-18p-65p-18p-ABCDE-H-35-H-12-PM-0-10--20-121-50-1-M-0p66,prioritization_1_18p_ABCDE,prioritization_2_65p_ABCDE,prioritization_3_18p_ABCDE,vaccine_profile_H_35_12,vaccine_adherence_H,vaccine_doses_PM_12,import_M,control_1,relative_reopen_1,geo_-20
117,18p,65p,18p,ABCDE,H,35,H,12,PM,0.5,10,-20,121,50,1,M,0.66,117-18p-65p-18p-ABCDE-H-35-H-12-PM-0p5-10--20-121-50-1-M-0p66,prioritization_1_18p_ABCDE,prioritization_2_65p_ABCDE,prioritization_3_18p_ABCDE,vaccine_profile_H_35_12,vaccine_adherence_H,vaccine_doses_PM_12,import_M,control_1,relative_reopen_1,geo_-20
118,18p,65p,18p,ABCDE,H,35,H,12,PM,1,10,-20,121,50,1,M,0.66,118-18p-65p-18p-ABCDE-H-35-H-12-PM-1-10--20-121-50-1-M-0p66,prioritization_1_18p_ABCDE,prioritization_2_65p_ABCDE,prioritization_3_18p_ABCDE,vaccine_profile_H_35_12,vaccine_adherence_H,vaccine_doses_PM_12,import_M,control_1,relative_reopen_1,geo_-20
119,18p,65p,18p,ABCDE,H,35,H,12,PM,1.5,10,-20,121,50,1,M,0.66,119-18p-65p-18p-ABCDE-H-35-H-12-PM-1p5-10--20-121-50-1-M-0p66,prioritization_1_18p_ABCDE,prioritization_2_65p_ABCDE,prioritization_3_18p_ABCDE,vaccine_profile_H_35_12,vaccine_adherence_H,vaccine_doses_PM_12,import_M,control_1,relative_reopen_1,geo_-20
120,18p,65p,18p,ABCDE,H,35,H,12,PM,2,10,-20,121,50,1,M,0.66,120-18p-65p-18p-ABCDE-H-35-H-12-PM-2-10--20-121-50-1-M-0p66,prioritization_1_18p_ABCDE,prioritization_2_65p_ABCDE,prioritization_3_18p_ABCDE,vaccine_profile_H_35_12,vaccine_adherence_H,vaccine_doses_PM_12,import_M,control_1,relative_reopen_1,geo_-20
121,18p,65p,18p,ABCDE,H,35,H,12,PM,2.5,10,-20,121,50,1,M,0.66,121-18p-65p-18p-ABCDE-H-35-H-12-PM-2p5-10--20-121-50-1-M-0p66,prioritization_1_18p_ABCDE,prioritization_2_65p_ABCDE,prioritization_3_18p_ABCDE,vaccine_profile_H_35_12,vaccine_adherence_H,vaccine_doses_PM_12,import_M,control_1,relative_reopen_1,geo_-20
122,18p,65p,18p,ABCDE,H,35,H,12,PM,0,10,-10,121,50,1,M,0.66,122-18p-65p-18p-ABCDE-H-35-H-12-PM-0-10--10-121-50-1-M-0p66,prioritization_1_18p_ABCDE,prioritization_2_65p_ABCDE,prioritization_3_18p_ABCDE,vaccine_profile_H_35_12,vaccine_adherence_H,vaccine_doses_PM_12,import_M,control_1,relative_reopen_1,geo_-10
123,18p,65p,18p,ABCDE,H,35,H,12,PM,0.5,10,-10,121,50,1,M,0.66,123-18p-65p-18p-ABCDE-H-35-H-12-PM-0p5-10--10-121-50-1-M-0p66,prioritization_1_18p_ABCDE,prioritization_2_65p_ABCDE,prioritization_3_18p_ABCDE,vaccine_profile_H_35_12,vaccine_adherence_H,vaccine_doses_PM_12,import_M,control_1,relative_reopen_1,geo_-10
124,18p,65p,18p,ABCDE,H,35,H,12,PM,1,10,-10,121,50,1,M,0.66,124-18p-65p-18p-ABCDE-H-35-H-12-PM-1-10--10-121-50-1-M-0p66,prioritization_1_18p_ABCDE,prioritization_2_65p_ABCDE,prioritization_3_18p_ABCDE,vaccine_profile_H_35_12,vaccine_adherence_H,vaccine_doses_PM_12,import_M,control_1,relative_reopen_1,geo_-10
125,18p,65p,18p,ABCDE,H,35,H,12,PM,1.5,10,-10,121,50,1,M,0.66,125-18p-65p-18p-ABCDE-H-35-H-12-PM-1p5-10--10-121-50-1-M-0p66,prioritization_1_18p_ABCDE,prioritization_2_65p_ABCDE,prioritization_3_18p_ABCDE,vaccine_profile_H_35_12,vaccine_adherence_H,vaccine_doses_PM_12,import_M,control_1,relative_reopen_1,geo_-10
126,18p,65p,18p,ABCDE,H,35,H,12,PM,0,10,0,121,50,1,M,0.66,126-18p-65p-18p-ABCDE-H-35-H-12-PM-0-10-0-121-50-1-M-0p66,prioritization_1_18p_ABCDE,prioritization_2_65p_ABCDE,prioritization_3_18p_ABCDE,vaccine_profile_H_35_12,vaccine_adherence_H,vaccine_doses_PM_12,import_M,control_1,relative_reopen_1,geo_0
127,18p,65p,18p,ABCDE,H,35,H,12,PM,0.5,10,0,121,50,1,M,0.66,127-18p-65p-18p-ABCDE-H-35-H-12-PM-0p5-10-0-121-50-1-M-0p66,prioritization_1_18p_ABCDE,prioritization_2_65p_ABCDE,prioritization_3_18p_ABCDE,vaccine_profile_H_35_12,vaccine_adherence_H,vaccine_doses_PM_12,import_M,control_1,relative_reopen_1,geo_0
128,18p,65p,18p,ABCDE,H,35,H,12,PM,1,10,0,121,50,1,M,0.66,128-18p-65p-18p-ABCDE-H-35-H-12-PM-1-10-0-121-50-1-M-0p66,prioritization_1_18p_ABCDE,prioritization_2_65p_ABCDE,prioritization_3_18p_ABCDE,vaccine_profile_H_35_12,vaccine_adherence_H,vaccine_doses_PM_12,import_M,control_1,relative_reopen_1,geo_0
129,18p,65p,18p,ABCDE,H,35,H,12,PM,0,10,10,121,50,1,M,0.66,129-18p-65p-18p-ABCDE-H-35-H-12-PM-0-10-10-121-50-1-M-0p66,prioritization_1_18p_ABCDE,prioritization_2_65p_ABCDE,prioritization_3_18p_ABCDE,vaccine_profile_H_35_12,vaccine_adherence_H,vaccine_doses_PM_12,import_M,control_1,relative_reopen_1,geo_10
130,18p,65p,18p,ABCDE,H,35,H,12,PM,0.5,10,10,121,50,1,M,0.66,130-18p-65p-18p-ABCDE-H-35-H-12-PM-0p5-10-10-121-50-1-M-0p66,prioritization_1_18p_ABCDE,prioritization_2_65p_ABCDE,prioritization_3_18p_ABCDE,vaccine_profile_H_35_12,vaccine_adherence_H,vaccine_doses_PM_12,import_M,control_1,relative_reopen_1,geo_10
131,18p,65p,18p,ABCDE,H,35,H,12,PM,1,10,10,121,50,1,M,0.66,131-18p-65p-18p-ABCDE-H-35-H-12-PM-1-10-10-121-50-1-M-0p66,prioritization_1_18p_ABCDE,prioritization_2_65p_ABCDE,prioritization_3_18p_ABCDE,vaccine_profile_H_35_12,vaccine_adherence_H,vaccine_doses_PM_12,import_M,control_1,relative_reopen_1,geo_10
132,18p,65p,18p,ABCDE,H,35,H,12,PM,0,10,20,121,50,1,M,0.66,132-18p-65p-18p-ABCDE-H-35-H-12-PM-0-10-20-121-50-1-M-0p66,prioritization_1_18p_ABCDE,prioritization_2_65p_ABCDE,prioritization_3_18p_ABCDE,vaccine_profile_H_35_12,vaccine_adherence_H,vaccine_doses_PM_12,import_M,control_1,relative_reopen_1,geo_20
133,18p,65p,18p,ABCDE,H,35,H,12,PM,0.5,10,20,121,50,1,M,0.66,133-18p-65p-18p-ABCDE-H-35-H-12-PM-0p5-10-20-121-50-1-M-0p66,prioritization_1_18p_ABCDE,prioritization_2_65p_ABCDE,prioritization_3_18p_ABCDE,vaccine_profile_H_35_12,vaccine_adherence_H,vaccine_doses_PM_12,import_M,control_1,relative_reopen_1,geo_20
134,18p,65p,18p,ABCDE,H,35,H,12,PM,0,10,30,121,50,1,M,0.66,134-18p-65p-18p-ABCDE-H-35-H-12-PM-0-10-30-121-50-1-M-0p66,prioritization_1_18p_ABCDE,prioritization_2_65p_ABCDE,prioritization_3_18p_ABCDE,vaccine_profile_H_35_12,vaccine_adherence_H,vaccine_doses_PM_12,import_M,control_1,relative_reopen_1,geo_30
135,18p,65p,18p,ABCDE,H,35,H,12,PM,0.5,10,30,121,50,1,M,0.66,135-18p-65p-18p-ABCDE-H-35-H-12-PM-0p5-10-30-121-50-1-M-0p66,prioritization_1_18p_ABCDE,prioritization_2_65p_ABCDE,prioritization_3_18p_ABCDE,vaccine_profile_H_35_12,vaccine_adherence_H,vaccine_doses_PM_12,import_M,control_1,relative_reopen_1,geo_30
136,18p,65p,18p,ABCDE,H,35,H,12,PM,0,10,-30,152,50,1,M,0.66,136-18p-65p-18p-ABCDE-H-35-H-12-PM-0-10--30-152-50-1-M-0p66,prioritization_1_18p_ABCDE,prioritization_2_65p_ABCDE,prioritization_3_18p_ABCDE,vaccine_profile_H_35_12,vaccine_adherence_H,vaccine_doses_PM_12,import_M,control_1,relative_reopen_1,geo_-30
137,18p,65p,18p,ABCDE,H,35,H,12,PM,0.5,10,-30,152,50,1,M,0.66,137-18p-65p-18p-ABCDE-H-35-H-12-PM-0p5-10--30-152-50-1-M-0p66,prioritization_1_18p_ABCDE,prioritization_2_65p_ABCDE,prioritization_3_18p_ABCDE,vaccine_profile_H_35_12,vaccine_adherence_H,vaccine_doses_PM_12,import_M,control_1,relative_reopen_1,geo_-30
138,18p,65p,18p,ABCDE,H,35,H,12,PM,1,10,-30,152,50,1,M,0.66,138-18p-65p-18p-ABCDE-H-35-H-12-PM-1-10--30-152-50-1-M-0p66,prioritization_1_18p_ABCDE,prioritization_2_65p_ABCDE,prioritization_3_18p_ABCDE,vaccine_profile_H_35_12,vaccine_adherence_H,vaccine_doses_PM_12,import_M,control_1,relative_reopen_1,geo_-30
139,18p,65p,18p,ABCDE,H,35,H,12,PM,1.5,10,-30,152,50,1,M,0.66,139-18p-65p-18p-ABCDE-H-35-H-12-PM-1p5-10--30-152-50-1-M-0p66,prioritization_1_18p_ABCDE,prioritization_2_65p_ABCDE,prioritization_3_18p_ABCDE,vaccine_profile_H_35_12,vaccine_adherence_H,vaccine_doses_PM_12,import_M,control_1,relative_reopen_1,geo_-30
140,18p,65p,18p,ABCDE,H,35,H,12,PM,2,10,-30,152,50,1,M,0.66,140-18p-65p-18p-ABCDE-H-35-H-12-PM-2-10--30-152-50-1-M-0p66,prioritization_1_18p_ABCDE,prioritization_2_65p_ABCDE,prioritization_3_18p_ABCDE,vaccine_profile_H_35_12,vaccine_adherence_H,vaccine_doses_PM_12,import_M,control_1,relative_reopen_1,geo_-30
141,18p,65p,18p,ABCDE,H,35,H,12,PM,2.5,10,-30,152,50,1,M,0.66,141-18p-65p-18p-ABCDE-H-35-H-12-PM-2p5-10--30-152-50-1-M-0p66,prioritization_1_18p_ABCDE,prioritization_2_65p_ABCDE,prioritization_3_18p_ABCDE,vaccine_profile_H_35_12,vaccine_adherence_H,vaccine_doses_PM_12,import_M,control_1,relative_reopen_1,geo_-30
142,18p,65p,18p,ABCDE,H,35,H,12,PM,3,10,-30,152,50,1,M,0.66,142-18p-65p-18p-ABCDE-H-35-H-12-PM-3-10--30-152-50-1-M-0p66,prioritization_1_18p_ABCDE,prioritization_2_65p_ABCDE,prioritization_3_18p_ABCDE,vaccine_profile_H_35_12,vaccine_adherence_H,vaccine_doses_PM_12,import_M,control_1,relative_reopen_1,geo_-30
143,18p,65p,18p,ABCDE,H,35,H,12,PM,0,10,-20,152,50,1,M,0.66,143-18p-65p-18p-ABCDE-H-35-H-12-PM-0-10--20-152-50-1-M-0p66,prioritization_1_18p_ABCDE,prioritization_2_65p_ABCDE,prioritization_3_18p_ABCDE,vaccine_profile_H_35_12,vaccine_adherence_H,vaccine_doses_PM_12,import_M,control_1,relative_reopen_1,geo_-20
144,18p,65p,18p,ABCDE,H,35,H,12,PM,0.5,10,-20,152,50,1,M,0.66,144-18p-65p-18p-ABCDE-H-35-H-12-PM-0p5-10--20-152-50-1-M-0p66,prioritization_1_18p_ABCDE,prioritization_2_65p_ABCDE,prioritization_3_18p_ABCDE,vaccine_profile_H_35_12,vaccine_adherence_H,vaccine_doses_PM_12,import_M,control_1,relative_reopen_1,geo_-20
145,18p,65p,18p,ABCDE,H,35,H,12,PM,1,10,-20,152,50,1,M,0.66,145-18p-65p-18p-ABCDE-H-35-H-12-PM-1-10--20-152-50-1-M-0p66,prioritization_1_18p_ABCDE,prioritization_2_65p_ABCDE,prioritization_3_18p_ABCDE,vaccine_profile_H_35_12,vaccine_adherence_H,vaccine_doses_PM_12,import_M,control_1,relative_reopen_1,geo_-20
146,18p,65p,18p,ABCDE,H,35,H,12,PM,1.5,10,-20,152,50,1,M,0.66,146-18p-65p-18p-ABCDE-H-35-H-12-PM-1p5-10--20-152-50-1-M-0p66,prioritization_1_18p_ABCDE,prioritization_2_65p_ABCDE,prioritization_3_18p_ABCDE,vaccine_profile_H_35_12,vaccine_adherence_H,vaccine_doses_PM_12,import_M,control_1,relative_reopen_1,geo_-20
147,18p,65p,18p,ABCDE,H,35,H,12,PM,2,10,-20,152,50,1,M,0.66,147-18p-65p-18p-ABCDE-H-35-H-12-PM-2-10--20-152-50-1-M-0p66,prioritization_1_18p_ABCDE,prioritization_2_65p_ABCDE,prioritization_3_18p_ABCDE,vaccine_profile_H_35_12,vaccine_adherence_H,vaccine_doses_PM_12,import_M,control_1,relative_reopen_1,geo_-20
148,18p,65p,18p,ABCDE,H,35,H,12,PM,2.5,10,-20,152,50,1,M,0.66,148-18p-65p-18p-ABCDE-H-35-H-12-PM-2p5-10--20-152-50-1-M-0p66,prioritization_1_18p_ABCDE,prioritization_2_65p_ABCDE,prioritization_3_18p_ABCDE,vaccine_profile_H_35_12,vaccine_adherence_H,vaccine_doses_PM_12,import_M,control_1,relative_reopen_1,geo_-20
149,18p,65p,18p,ABCDE,H,35,H,12,PM,0,10,-10,152,50,1,M,0.66,149-18p-65p-18p-ABCDE-H-35-H-12-PM-0-10--10-152-50-1-M-0p66,prioritization_1_18p_ABCDE,prioritization_2_65p_ABCDE,prioritization_3_18p_ABCDE,vaccine_profile_H_35_12,vaccine_adherence_H,vaccine_doses_PM_12,import_M,control_1,relative_reopen_1,geo_-10
150,18p,65p,18p,ABCDE,H,35,H,12,PM,0.5,10,-10,152,50,1,M,0.66,150-18p-65p-18p-ABCDE-H-35-H-12-PM-0p5-10--10-152-50-1-M-0p66,prioritization_1_18p_ABCDE,prioritization_2_65p_ABCDE,prioritization_3_18p_ABCDE,vaccine_profile_H_35_12,vaccine_adherence_H,vaccine_doses_PM_12,import_M,control_1,relative_reopen_1,geo_-10
151,18p,65p,18p,ABCDE,H,35,H,12,PM,1,10,-10,152,50,1,M,0.66,151-18p-65p-18p-ABCDE-H-35-H-12-PM-1-10--10-152-50-1-M-0p66,prioritization_1_18p_ABCDE,prioritization_2_65p_ABCDE,prioritization_3_18p_ABCDE,vaccine_profile_H_35_12,vaccine_adherence_H,vaccine_doses_PM_12,import_M,control_1,relative_reopen_1,geo_-10
152,18p,65p,18p,ABCDE,H,35,H,12,PM,1.5,10,-10,152,50,1,M,0.66,152-18p-65p-18p-ABCDE-H-35-H-12-PM-1p5-10--10-152-50-1-M-0p66,prioritization_1_18p_ABCDE,prioritization_2_65p_ABCDE,prioritization_3_18p_ABCDE,vaccine_profile_H_35_12,vaccine_adherence_H,vaccine_doses_PM_12,import_M,control_1,relative_reopen_1,geo_-10
153,18p,65p,18p,ABCDE,H,35,H,12,PM,0,10,0,152,50,1,M,0.66,153-18p-65p-18p-ABCDE-H-35-H-12-PM-0-10-0-152-50-1-M-0p66,prioritization_1_18p_ABCDE,prioritization_2_65p_ABCDE,prioritization_3_18p_ABCDE,vaccine_profile_H_35_12,vaccine_adherence_H,vaccine_doses_PM_12,import_M,control_1,relative_reopen_1,geo_0
154,18p,65p,18p,ABCDE,H,35,H,12,PM,0.5,10,0,152,50,1,M,0.66,154-18p-65p-18p-ABCDE-H-35-H-12-PM-0p5-10-0-152-50-1-M-0p66,prioritization_1_18p_ABCDE,prioritization_2_65p_ABCDE,prioritization_3_18p_ABCDE,vaccine_profile_H_35_12,vaccine_adherence_H,vaccine_doses_PM_12,import_M,control_1,relative_reopen_1,geo_0
155,18p,65p,18p,ABCDE,H,35,H,12,PM,1,10,0,152,50,1,M,0.66,155-18p-65p-18p-ABCDE-H-35-H-12-PM-1-10-0-152-50-1-M-0p66,prioritization_1_18p_ABCDE,prioritization_2_65p_ABCDE,prioritization_3_18p_ABCDE,vaccine_profile_H_35_12,vaccine_adherence_H,vaccine_doses_PM_12,import_M,control_1,relative_reopen_1,geo_0
156,18p,65p,18p,ABCDE,H,35,H,12,PM,0,10,10,152,50,1,M,0.66,156-18p-65p-18p-ABCDE-H-35-H-12-PM-0-10-10-152-50-1-M-0p66,prioritization_1_18p_ABCDE,prioritization_2_65p_ABCDE,prioritization_3_18p_ABCDE,vaccine_profile_H_35_12,vaccine_adherence_H,vaccine_doses_PM_12,import_M,control_1,relative_reopen_1,geo_10
157,18p,65p,18p,ABCDE,H,35,H,12,PM,0.5,10,10,152,50,1,M,0.66,157-18p-65p-18p-ABCDE-H-35-H-12-PM-0p5-10-10-152-50-1-M-0p66,prioritization_1_18p_ABCDE,prioritization_2_65p_ABCDE,prioritization_3_18p_ABCDE,vaccine_profile_H_35_12,vaccine_adherence_H,vaccine_doses_PM_12,import_M,control_1,relative_reopen_1,geo_10
158,18p,65p,18p,ABCDE,H,35,H,12,PM,1,10,10,152,50,1,M,0.66,158-18p-65p-18p-ABCDE-H-35-H-12-PM-1-10-10-152-50-1-M-0p66,prioritization_1_18p_ABCDE,prioritization_2_65p_ABCDE,prioritization_3_18p_ABCDE,vaccine_profile_H_35_12,vaccine_adherence_H,vaccine_doses_PM_12,import_M,control_1,relative_reopen_1,geo_10
159,18p,65p,18p,ABCDE,H,35,H,12,PM,0,10,20,152,50,1,M,0.66,159-18p-65p-18p-ABCDE-H-35-H-12-PM-0-10-20-152-50-1-M-0p66,prioritization_1_18p_ABCDE,prioritization_2_65p_ABCDE,prioritization_3_18p_ABCDE,vaccine_profile_H_35_12,vaccine_adherence_H,vaccine_doses_PM_12,import_M,control_1,relative_reopen_1,geo_20
160,18p,65p,18p,ABCDE,H,35,H,12,PM,0.5,10,20,152,50,1,M,0.66,160-18p-65p-18p-ABCDE-H-35-H-12-PM-0p5-10-20-152-50-1-M-0p66,prioritization_1_18p_ABCDE,prioritization_2_65p_ABCDE,prioritization_3_18p_ABCDE,vaccine_profile_H_35_12,vaccine_adherence_H,vaccine_doses_PM_12,import_M,control_1,relative_reopen_1,geo_20
161,18p,65p,18p,ABCDE,H,35,H,12,PM,0,10,30,152,50,1,M,0.66,161-18p-65p-18p-ABCDE-H-35-H-12-PM-0-10-30-152-50-1-M-0p66,prioritization_1_18p_ABCDE,prioritization_2_65p_ABCDE,prioritization_3_18p_ABCDE,vaccine_profile_H_35_12,vaccine_adherence_H,vaccine_doses_PM_12,import_M,control_1,relative_reopen_1,geo_30
162,18p,65p,18p,ABCDE,H,35,H,12,PM,0.5,10,30,152,50,1,M,0.66,162-18p-65p-18p-ABCDE-H-35-H-12-PM-0p5-10-30-152-50-1-M-0p66,prioritization_1_18p_ABCDE,prioritization_2_65p_ABCDE,prioritization_3_18p_ABCDE,vaccine_profile_H_35_12,vaccine_adherence_H,vaccine_doses_PM_12,import_M,control_1,relative_reopen_1,geo_30
163,18p,65p,18p,ABCDE,H,35,H,12,PM,0,10,-30,182,50,1,M,0.66,163-18p-65p-18p-ABCDE-H-35-H-12-PM-0-10--30-182-50-1-M-0p66,prioritization_1_18p_ABCDE,prioritization_2_65p_ABCDE,prioritization_3_18p_ABCDE,vaccine_profile_H_35_12,vaccine_adherence_H,vaccine_doses_PM_12,import_M,control_1,relative_reopen_1,geo_-30
164,18p,65p,18p,ABCDE,H,35,H,12,PM,0.5,10,-30,182,50,1,M,0.66,164-18p-65p-18p-ABCDE-H-35-H-12-PM-0p5-10--30-182-50-1-M-0p66,prioritization_1_18p_ABCDE,prioritization_2_65p_ABCDE,prioritization_3_18p_ABCDE,vaccine_profile_H_35_12,vaccine_adherence_H,vaccine_doses_PM_12,import_M,control_1,relative_reopen_1,geo_-30
165,18p,65p,18p,ABCDE,H,35,H,12,PM,1,10,-30,182,50,1,M,0.66,165-18p-65p-18p-ABCDE-H-35-H-12-PM-1-10--30-182-50-1-M-0p66,prioritization_1_18p_ABCDE,prioritization_2_65p_ABCDE,prioritization_3_18p_ABCDE,vaccine_profile_H_35_12,vaccine_adherence_H,vaccine_doses_PM_12,import_M,control_1,relative_reopen_1,geo_-30
166,18p,65p,18p,ABCDE,H,35,H,12,PM,1.5,10,-30,182,50,1,M,0.66,166-18p-65p-18p-ABCDE-H-35-H-12-PM-1p5-10--30-182-50-1-M-0p66,prioritization_1_18p_ABCDE,prioritization_2_65p_ABCDE,prioritization_3_18p_ABCDE,vaccine_profile_H_35_12,vaccine_adherence_H,vaccine_doses_PM_12,import_M,control_1,relative_reopen_1,geo_-30
167,18p,65p,18p,ABCDE,H,35,H,12,PM,2,10,-30,182,50,1,M,0.66,167-18p-65p-18p-ABCDE-H-35-H-12-PM-2-10--30-182-50-1-M-0p66,prioritization_1_18p_ABCDE,prioritization_2_65p_ABCDE,prioritization_3_18p_ABCDE,vaccine_profile_H_35_12,vaccine_adherence_H,vaccine_doses_PM_12,import_M,control_1,relative_reopen_1,geo_-30
168,18p,65p,18p,ABCDE,H,35,H,12,PM,2.5,10,-30,182,50,1,M,0.66,168-18p-65p-18p-ABCDE-H-35-H-12-PM-2p5-10--30-182-50-1-M-0p66,prioritization_1_18p_ABCDE,prioritization_2_65p_ABCDE,prioritization_3_18p_ABCDE,vaccine_profile_H_35_12,vaccine_adherence_H,vaccine_doses_PM_12,import_M,control_1,relative_reopen_1,geo_-30
169,18p,65p,18p,ABCDE,H,35,H,12,PM,3,10,-30,182,50,1,M,0.66,169-18p-65p-18p-ABCDE-H-35-H-12-PM-3-10--30-182-50-1-M-0p66,prioritization_1_18p_ABCDE,prioritization_2_65p_ABCDE,prioritization_3_18p_ABCDE,vaccine_profile_H_35_12,vaccine_adherence_H,vaccine_doses_PM_12,import_M,control_1,relative_reopen_1,geo_-30
170,18p,65p,18p,ABCDE,H,35,H,12,PM,0,10,-20,182,50,1,M,0.66,170-18p-65p-18p-ABCDE-H-35-H-12-PM-0-10--20-182-50-1-M-0p66,prioritization_1_18p_ABCDE,prioritization_2_65p_ABCDE,prioritization_3_18p_ABCDE,vaccine_profile_H_35_12,vaccine_adherence_H,vaccine_doses_PM_12,import_M,control_1,relative_reopen_1,geo_-20
171,18p,65p,18p,ABCDE,H,35,H,12,PM,0.5,10,-20,182,50,1,M,0.66,171-18p-65p-18p-ABCDE-H-35-H-12-PM-0p5-10--20-182-50-1-M-0p66,prioritization_1_18p_ABCDE,prioritization_2_65p_ABCDE,prioritization_3_18p_ABCDE,vaccine_profile_H_35_12,vaccine_adherence_H,vaccine_doses_PM_12,import_M,control_1,relative_reopen_1,geo_-20
172,18p,65p,18p,ABCDE,H,35,H,12,PM,1,10,-20,182,50,1,M,0.66,172-18p-65p-18p-ABCDE-H-35-H-12-PM-1-10--20-182-50-1-M-0p66,prioritization_1_18p_ABCDE,prioritization_2_65p_ABCDE,prioritization_3_18p_ABCDE,vaccine_profile_H_35_12,vaccine_adherence_H,vaccine_doses_PM_12,import_M,control_1,relative_reopen_1,geo_-20
173,18p,65p,18p,ABCDE,H,35,H,12,PM,1.5,10,-20,182,50,1,M,0.66,173-18p-65p-18p-ABCDE-H-35-H-12-PM-1p5-10--20-182-50-1-M-0p66,prioritization_1_18p_ABCDE,prioritization_2_65p_ABCDE,prioritization_3_18p_ABCDE,vaccine_profile_H_35_12,vaccine_adherence_H,vaccine_doses_PM_12,import_M,control_1,relative_reopen_1,geo_-20
174,18p,65p,18p,ABCDE,H,35,H,12,PM,2,10,-20,182,50,1,M,0.66,174-18p-65p-18p-ABCDE-H-35-H-12-PM-2-10--20-182-50-1-M-0p66,prioritization_1_18p_ABCDE,prioritization_2_65p_ABCDE,prioritization_3_18p_ABCDE,vaccine_profile_H_35_12,vaccine_adherence_H,vaccine_doses_PM_12,import_M,control_1,relative_reopen_1,geo_-20
175,18p,65p,18p,ABCDE,H,35,H,12,PM,2.5,10,-20,182,50,1,M,0.66,175-18p-65p-18p-ABCDE-H-35-H-12-PM-2p5-10--20-182-50-1-M-0p66,prioritization_1_18p_ABCDE,prioritization_2_65p_ABCDE,prioritization_3_18p_ABCDE,vaccine_profile_H_35_12,vaccine_adherence_H,vaccine_doses_PM_12,import_M,control_1,relative_reopen_1,geo_-20
176,18p,65p,18p,ABCDE,H,35,H,12,PM,0,10,-10,182,50,1,M,0.66,176-18p-65p-18p-ABCDE-H-35-H-12-PM-0-10--10-182-50-1-M-0p66,prioritization_1_18p_ABCDE,prioritization_2_65p_ABCDE,prioritization_3_18p_ABCDE,vaccine_profile_H_35_12,vaccine_adherence_H,vaccine_doses_PM_12,import_M,control_1,relative_reopen_1,geo_-10
177,18p,65p,18p,ABCDE,H,35,H,12,PM,0.5,10,-10,182,50,1,M,0.66,177-18p-65p-18p-ABCDE-H-35-H-12-PM-0p5-10--10-182-50-1-M-0p66,prioritization_1_18p_ABCDE,prioritization_2_65p_ABCDE,prioritization_3_18p_ABCDE,vaccine_profile_H_35_12,vaccine_adherence_H,vaccine_doses_PM_12,import_M,control_1,relative_reopen_1,geo_-10
178,18p,65p,18p,ABCDE,H,35,H,12,PM,1,10,-10,182,50,1,M,0.66,178-18p-65p-18p-ABCDE-H-35-H-12-PM-1-10--10-182-50-1-M-0p66,prioritization_1_18p_ABCDE,prioritization_2_65p_ABCDE,prioritization_3_18p_ABCDE,vaccine_profile_H_35_12,vaccine_adherence_H,vaccine_doses_PM_12,import_M,control_1,relative_reopen_1,geo_-10
179,18p,65p,18p,ABCDE,H,35,H,12,PM,1.5,10,-10,182,50,1,M,0.66,179-18p-65p-18p-ABCDE-H-35-H-12-PM-1p5-10--10-182-50-1-M-0p66,prioritization_1_18p_ABCDE,prioritization_2_65p_ABCDE,prioritization_3_18p_ABCDE,vaccine_profile_H_35_12,vaccine_adherence_H,vaccine_doses_PM_12,import_M,control_1,relative_reopen_1,geo_-10
180,18p,65p,18p,ABCDE,H,35,H,12,PM,0,10,0,182,50,1,M,0.66,180-18p-65p-18p-ABCDE-H-35-H-12-PM-0-10-0-182-50-1-M-0p66,prioritization_1_18p_ABCDE,prioritization_2_65p_ABCDE,prioritization_3_18p_ABCDE,vaccine_profile_H_35_12,vaccine_adherence_H,vaccine_doses_PM_12,import_M,control_1,relative_reopen_1,geo_0
181,18p,65p,18p,ABCDE,H,35,H,12,PM,0.5,10,0,182,50,1,M,0.66,181-18p-65p-18p-ABCDE-H-35-H-12-PM-0p5-10-0-182-50-1-M-0p66,prioritization_1_18p_ABCDE,prioritization_2_65p_ABCDE,prioritization_3_18p_ABCDE,vaccine_profile_H_35_12,vaccine_adherence_H,vaccine_doses_PM_12,import_M,control_1,relative_reopen_1,geo_0
182,18p,65p,18p,ABCDE,H,35,H,12,PM,1,10,0,182,50,1,M,0.66,182-18p-65p-18p-ABCDE-H-35-H-12-PM-1-10-0-182-50-1-M-0p66,prioritization_1_18p_ABCDE,prioritization_2_65p_ABCDE,prioritization_3_18p_ABCDE,vaccine_profile_H_35_12,vaccine_adherence_H,vaccine_doses_PM_12,import_M,control_1,relative_reopen_1,geo_0
183,18p,65p,18p,ABCDE,H,35,H,12,PM,0,10,10,182,50,1,M,0.66,183-18p-65p-18p-ABCDE-H-35-H-12-PM-0-10-10-182-50-1-M-0p66,prioritization_1_18p_ABCDE,prioritization_2_65p_ABCDE,prioritization_3_18p_ABCDE,vaccine_profile_H_35_12,vaccine_adherence_H,vaccine_doses_PM_12,import_M,control_1,relative_reopen_1,geo_10
184,18p,65p,18p,ABCDE,H,35,H,12,PM,0.5,10,10,182,50,1,M,0.66,184-18p-65p-18p-ABCDE-H-35-H-12-PM-0p5-10-10-182-50-1-M-0p66,prioritization_1_18p_ABCDE,prioritization_2_65p_ABCDE,prioritization_3_18p_ABCDE,vaccine_profile_H_35_12,vaccine_adherence_H,vaccine_doses_PM_12,import_M,control_1,relative_reopen_1,geo_10
185,18p,65p,18p,ABCDE,H,35,H,12,PM,1,10,10,182,50,1,M,0.66,185-18p-65p-18p-ABCDE-H-35-H-12-PM-1-10-10-182-50-1-M-0p66,prioritization_1_18p_ABCDE,prioritization_2_65p_ABCDE,prioritization_3_18p_ABCDE,vaccine_profile_H_35_12,vaccine_adherence_H,vaccine_doses_PM_12,import_M,control_1,relative_reopen_1,geo_10
186,18p,65p,18p,ABCDE,H,35,H,12,PM,0,10,20,182,50,1,M,0.66,186-18p-65p-18p-ABCDE-H-35-H-12-PM-0-10-20-182-50-1-M-0p66,prioritization_1_18p_ABCDE,prioritization_2_65p_ABCDE,prioritization_3_18p_ABCDE,vaccine_profile_H_35_12,vaccine_adherence_H,vaccine_doses_PM_12,import_M,control_1,relative_reopen_1,geo_20
187,18p,65p,18p,ABCDE,H,35,H,12,PM,0.5,10,20,182,50,1,M,0.66,187-18p-65p-18p-ABCDE-H-35-H-12-PM-0p5-10-20-182-50-1-M-0p66,prioritization_1_18p_ABCDE,prioritization_2_65p_ABCDE,prioritization_3_18p_ABCDE,vaccine_profile_H_35_12,vaccine_adherence_H,vaccine_doses_PM_12,import_M,control_1,relative_reopen_1,geo_20
188,18p,65p,18p,ABCDE,H,35,H,12,PM,0,10,30,182,50,1,M,0.66,188-18p-65p-18p-ABCDE-H-35-H-12-PM-0-10-30-182-50-1-M-0p66,prioritization_1_18p_ABCDE,prioritization_2_65p_ABCDE,prioritization_3_18p_ABCDE,vaccine_profile_H_35_12,vaccine_adherence_H,vaccine_doses_PM_12,import_M,control_1,relative_reopen_1,geo_30
189,18p,65p,18p,ABCDE,H,35,H,12,PM,0.5,10,30,182,50,1,M,0.66,189-18p-65p-18p-ABCDE-H-35-H-12-PM-0p5-10-30-182-50-1-M-0p66,prioritization_1_18p_ABCDE,prioritization_2_65p_ABCDE,prioritization_3_18p_ABCDE,vaccine_profile_H_35_12,vaccine_adherence_H,vaccine_doses_PM_12,import_M,control_1,relative_reopen_1,geo_30
